{
	"CRIM":0.13069,
	"ZN": 0.050000,
	"INDUS":15.89,
	"CHAS":3,
	"NOX":0.25,
	"RM": 7.95100,
	"AGE":100.8,
	"DIS":5.8893,
	"RAD":5,
	"TAX":275,
	"PTRATIO":16.4,
	"B":376.9,
	"LSTAT":17.92
}
